Name,Email,"Store URL"
"Info threeg",infothreeg@gmail.com,shippingemailtesting.myshopify.com
"nassiba ma",wcup2018.store@gmail.com,tatianascollection.com
"nassiba ma",store399.contact@gmail.com,shopsmartpicks.com
"Tstttt Adminfvfgb",infothreeg@gmail.com,shippingtest-store.myshopify.com
"homewareshop Admin",veenitkumar.mca2012@gmail.com,homewareshop.myshopify.com
"puneet lakahni",lewis@page1keeper.com,test-social-proof-app-store.myshopify.com
"Test Test",appstoretest112@gmail.com,appstoretest5.myshopify.com
"Shea Shopify",shea.shopify@gmail.com,canadianbuds16.myshopify.com
"Jeff Shopify",jeff.h.shopify@gmail.com,hagsatf2.myshopify.com
"Jeff Shopify",jeff.h.shopify@gmail.com,hagsatf3.myshopify.com
"vccv v ma",cryptotaco.contact@gmail.com,tacostore1.myshopify.com
"Boski mehta",infothreeg@gmail.com,facebookpixel-test.myshopify.com
"Ha Ma",mirsamantha92@gmail.com,tacostore2.myshopify.com
"Ha Ma",optiapps.contact@gmail.com,teststore7777-3.myshopify.com
"Jeff Shopify",jeff.h.shopify@gmail.com,hagsatf6.myshopify.com
"Jeff Shopify",jeff.h.shopify@gmail.com,hagsatf7.myshopify.com
"Adib Raveshti",thefashionalstore@gmail.com,thefashional.com
"James Craycroft",theultrabrand@gmail.com,www.myultrabrands.com
"x c cx",hnkcorp.contact@gmail.com,teststore7755.myshopify.com
"Money-Goods-Services Admin",mnguyen+shopify@snapchat.com,money-goods-services.myshopify.com
"Joy De Wit",andrew-saunders@bigpond.com,www.autobrush.com.au
"jetlove10 Admin",jhefersoneusebio@gmail.com,jetlove10.myshopify.com
"Brace Swimwear",support@braceswimwear.com,www.braceswimwear.com
"Riley Murphy",murphdogmotors@gmail.com,overlydope.com
